ID,SMILES,A(iso)
rad_0001,[CH2]C(C)C(C)C,[-62.9629 119.169 -1.7792 -2.2805 0.6084 0.2296]
rad_0002,C[C](C)C(C)C,[57.6721 0 58.1182 29.0052 1.4879 -1.2984]
rad_0003,C[CH]C,[63.7916 -62.3126 63.7617]
rad_0004,[CH2]CC,[-63.1561 91.9783 -1.3733]
rad_0005,CC[CH]C(C)C,[-1.2564 76.4971 -59.5216 33.0043 2.5599 -0.5681]
rad_0006,CCC[C](C)C,[0.7714 -4.0533 26.2641 0 58.1682 57.969]
rad_0007,[CH2]C(C)CCC,[-63.9948 79.8868 -1.5087 -2.3025 -0.5225 0.8073]
rad_0008,C[CH]CC(C)C,[64.2837 -60.0425 76.8241 -1.7226 0.7886 0.1007]
rad_0009,[CH2]CCC(C)C,[-63.1949 89.8688 -1.7249 0.7605 0.0785 0.2422]
rad_0010,[CH2]C1(C)CCC1,[-62.7811 0 -1.887 3.2626 0.1312 0.6326]
rad_0011,CC1(C)[CH]CC1,[1.9182 0 1.3247 -64.4632 100.0143 -3.2946]
rad_0012,CC1(C)C[CH]C1,[0.1032 0 0.1172 99.1327 -65.1787 99.1411]
rad_0013,[CH2]C(CC)CC,[-64.3546 5.5218 1.5517 0.3539 -0.003 0.6577]
rad_0014,CC[C](C)CC,[0.0799 26.1596 0 58.1687 58.0769 -1.672]
rad_0015,C[CH]C(C)CC,[64.6446 -60.2469 112.4961 -1.5357 -2.0638 0.975]
rad_0016,[CH2]CC(C)CC,[-62.9955 77.6473 -2.094 0.4973 0.0657 0.3873]
rad_0017,C[C]1CC1,[50.695 0 54.8183 55.0086]
rad_0018,CC1[CH]C1,[-1.8659 42.8333 -14.2892 61.1609]
rad_0019,[CH2]C1CC1,[-61.8312 2.2775 -0.1095 -0.0379]
rad_0020,[CH2]CCC,[-63.2661 85.5441 -2.2264 0.7724]
rad_0021,C[CH]CC,[64.2443 -60.7552 28.0617 0.7046]
rad_0022,[CH2]C(C)CC,[-62.779 51.3162 -0.7964 -2.4571 0.4831]
rad_0023,CC[C](C)C,[-1.6717 68.816 0 57.3038 57.8007]
rad_0024,C[CH]C(C)C,[64.5412 -60.159 29.3539 -0.436 2.8258]
rad_0025,[CH2]CC(C)C,[-63.8474 33.0104 -1.2741 0.2422 0.245]
rad_0026,CC[C](CC)CC,[0.5787 35.312 0 35.7659 0.5162 34.8785 0.6057]
rad_0027,C[CH]C(CC)CC,[64.8513 -60.3643 27.1492 -2.8701 0.7261 -1.7907 1.2295]
rad_0028,[CH2]CC(CC)CC,[-62.7501 80.8442 -1.8846 0.9721 0.9966 0.8501 0.6886]
rad_0029,CC1[CH]CC1C,[-1.1845 99.2963 -63.3161 97.9392 -3.4609 0.2216]
rad_0030,C[C]1CCC1C,[60.9325 0 89.8698 -3.2976 91.297 -1.6121]
rad_0031,[CH2]C1CCC1C,[-62.5684 5.1052 -2.5948 -0.4518 -5.0606 1.6745]
rad_0032,C[C](C)C,[57.8813 0 56.9308 57.5513]
rad_0033,[CH2]C(C)C,[-62.5519 46.1099 -0.6388 4.134]
rad_0034,[CH2]C(C)(C)CC,[-62.267 0 6.7947 -1.039 -0.8977 0.7023]
rad_0035,C[CH]C(C)(C)C,[65.2641 -65.8898 0 3.6139 1.1381 -1.2022]
rad_0036,[CH2]CC(C)(C)C,[-63.9671 32.8554 0 0.228 0.2253 1.2365]
rad_0037,[CH2]C(C)CCCC,[-62.1589 48.0842 -0.7485 -2.4533 1.8933 1.1063 -0.0252]
rad_0038,CCCC[C](C)C,[0.2182 0.6786 -1.7942 63.0199 0 57.0015 58.2907]
rad_0039,CCC[CH]C(C)C,[0.5309 -1.4786 90.3388 -60.9936 33.5132 -1.0572 3.3121]
rad_0040,CC[CH]CC(C)C,[0.9115 27.6264 -59.3465 75.9316 -1.8605 0.7743 0.1158]
rad_0041,C[CH]CCC(C)C,[63.7197 -60.7848 80.1881 -1.7439 0.8514 0.0633 0.2085]
rad_0042,[CH2]CCCC(C)C,[-63.2232 85.6539 -1.8689 0.601 0.004 -0.0113 0.0184]
rad_0043,CC[C]1CCC1,[-1.4023 73.8735 0 90.5352 -3.6256 89.8902]
rad_0044,CCC1[CH]CC1,[0.4797 -0.5643 93.6787 -63.3483 99.0404 -3.6827]
rad_0045,C[CH]C1CCC1,[64.4518 -59.209 18.3785 -2.9138 -0.0275 -2.163]
rad_0046,[CH2]CC1CCC1,[-61.8563 30.2309 -3.9894 0.7947 0.8861 -0.4555]
rad_0047,CCC1C[CH]C1,[0.0908 0.2981 -3.6117 98.0468 -64.3713 98.3588]
rad_0048,C[CH]C(C)(C)CC,[65.9314 -60.193 0 5.311 -1.1921 -1.4833 0.7851]
rad_0049,[CH2]CC(C)(C)CC,[-64.0231 33.2405 0 0.263 0.2448 2.6619 0.4628]
rad_0050,[CH2]C(C)(CC)CC,[-64.3082 0 -1.5515 0.7108 0.5527 2.4909 0.3417]
rad_0051,CC[CH]C(C)(C)C,[-0.5948 72.2134 -63.8186 0 -1.4419 2.8971 2.2815]
rad_0053,[CH2]C(C)(C)CCC,[-63.9122 0 2.562 -1.2157 3.3083 0.794 1.0899]
rad_0054,[CH2]CCC(C)(C)C,[-63.3637 86.0961 -1.8057 0 0.0557 0.0898 0.8524]
rad_0055,[CH2]C(C)C1CC1C,[-62.7013 6.993 4.8838 0.8846 0.6499 0.4601 0.1115]
rad_0056,C[C](C)C1CC1C,[57.5079 0 54.1633 2.6 -0.8598 -4.5951 3.1366]
rad_0057,CC(C)[C]1CC1C,[1.6323 27.9337 -1.076 0 60.8067 42.5986 -1.5799]
rad_0058,C[C]1CC1C(C)C,[51.3294 0 58.6073 43.2034 1.1626 0.2122 0.7324]
rad_0059,CC(C)C1[CH]C1C,[1.5601 -1.3963 0.2333 73.5245 -17.7619 41.7784 -1.9678]
rad_0060,[CH2]C1CC1C(C)C,[-61.6214 2.2604 -0.6011 -6.0132 0.3413 -0.1037 0.5876]
rad_0061,CC[CH]CCCC,[-1.6099 75.2259 -60.6408 29.8579 -3.9346 1.9428 0.6327]
rad_0062,C[CH]CCCCC,[64.4877 -61.1491 28.2281 -3.8586 -0.4814 1.0512 -0.0376]
rad_0063,[CH2]CCCCCC,[-63.1552 85.817 -2.2393 1.4916 0.9163 -0.0491 0.0056]
rad_0064,CCC[CH]CCC,[0.5359 -2.7161 51.3352 -62.8117 80.6146 -2.1349 0.9516]
rad_0065,C[C]1CCC1,[60.8174 0 91.2234 -3.6828 90.6707]
rad_0066,[CH2]C1CCC1,[-62.5969 5.7906 -2.5321 -0.4474 -3.25]
rad_0067,CC1[CH]CC1,[-0.932 95.6674 -64.0758 99.2796 -3.6267]
rad_0068,CC1C[CH]C1,[0.1688 -3.8249 98.9408 -65.2032 98.9499]
rad_0071,[CH2]C(C)C(C)CC,[-63.5687 116.8552 -1.7833 -2.3152 0.6721 1.5444 1.012]
rad_0072,[CH2]C(CC)C(C)C,[-64.3469 9.15 0.8631 1.0442 -3.3342 1.5807 0.8723]
rad_0074,[CH2]CC(C)C(C)C,[-63.3544 66.9207 -2.6959 0.4042 0.9251 0.1324 0.7629]
rad_0075,CC[CH]CC,[0.223 30.6067 -61.1092 72.002 -1.6408]
rad_0076,C[CH]CCC,[64.303 -61.1204 28.817 -3.9383 0.6662]
rad_0077,[CH2]CCCC,[-63.1942 88.1924 -1.7856 0.7491 0.2392]
rad_0078,C[C]1CC1C,[52.473 0 55.9661 68.6254 1.7891]
rad_0079,CC1[CH]C1C,[-1.9901 47.8723 -14.3985 48.1183 -2.0039]
rad_0080,[CH2]C1CC1C,[-61.3851 4.0648 0.1459 2.411 0.8631]
rad_0081,C[CH]CCCC,[63.4543 -61.9613 83.731 -1.6147 0.9431 0.1394]
rad_0082,CC[CH]CCC,[-1.3103 76.7228 -60.0622 83.5289 -1.6161 0.4734]
rad_0083,[CH2]CCCCC,[-63.3667 88.7897 -1.7826 0.2412 0.027 0.0338]
rad_0084,CC(C)[CH]C(C)C,[-1.2758 108.084 -1.4621 -59.4266 45.84 -1.039 1.8392]
rad_0085,C[C](C)CC(C)C,[60.6705 0 57.6024 35.9768 -3.4492 0.3594 0.3602]
rad_0086,[CH2]C(C)CC(C)C,[-63.1855 54.4925 3.8564 -1.2805 0.4216 0.0462 0.1976]
rad_0087,[CH2]C1(C)CC1,[-61.7214 0 -2.3811 0.8403 0.7907]
rad_0088,CC1(C)[CH]C1,[5.0292 0 -0.896 -12.9864 59.3037]
rad_0089,CC1(C)[CH]CCC1,[4.5468 0 1.9587 -64.7504 95.3944 -1.3309 -0.3408]
rad_0090,CC1(C)C[CH]CC1,[0.3261 0 -0.0454 92.0789 -65.2717 93.8962 -1.4803]
rad_0091,[CH2]C1(C)CCCC1,[-62.2542 0 6.3328 -0.4433 1.2063 1.6236 -0.2494]
rad_0092,C[C]1CC1(C)C,[52.3944 0 57.1461 0 2.5677 -0.8715]
rad_0093,[CH2]C1(C)CC1C,[-61.3773 0 -2.5265 0.4424 -6.1509 3.4907]
rad_0094,[CH2]C1CC1(C)C,[-61.0267 6.8358 0.1611 0 4.4061 0.6642]
rad_0095,CC1[CH]C1(C)C,[-2.092 46.5719 -14.2773 0 -0.9455 4.4302]
rad_0096,CC[C]1CCC1C,[-1.3234 69.3824 0 89.956 -3.2944 89.5946 -1.5168]
rad_0097,CCC1CC[C]1C,[0.5633 -1.3437 78.0692 -2.8003 86.4992 0 59.5612]
rad_0098,CCC1[CH]CC1C,[0.4745 -0.6776 94.4489 -63.8656 100.0562 -3.7005 0.1905]
rad_0099,C[CH]C1CCC1C,[62.6934 -59.2027 36.3597 0.5747 0.407 -2.035 0.7777]
rad_0100,[CH2]C1CCC1CC,[-61.9651 22.489 -1.9509 0.0653 -3.1319 0.3544 1.2714]
rad_0101,[CH2]CC1CCC1C,[-63.3266 87.5966 -1.1769 0.4896 0.5737 0.4359 0.2143]
rad_0102,CCC1C[CH]C1C,[0.2381 0.3079 -3.737 99.6625 -64.7392 90.9222 -0.876]
rad_0103,[CH2]C(C)C(C)(C)C,[-64.2962 36.6054 0.821 0 0.3783 0.2817 2.087]
rad_0104,C[C](C)C(C)(C)C,[61.2251 0 60.9133 0 -0.9917 -0.9352 2.7442]
rad_0105,[CH2]C(C)(C)C(C)C,[-61.9814 0 8.0528 -1.0307 -1.7543 1.2483 0.9077]
rad_0106,[CH2]C(CC)CCC,[-63.4329 67.9946 -1.7543 1.0795 1.1052 0.6903 1.1972]
rad_0107,CCC[C](C)CC,[0.4011 -2.3379 52.127 0 57.9674 26.4707 0.2929]
rad_0108,C[CH]C(C)CCC,[64.4738 -60.863 111.98 -1.505 -2.0337 1.5113 0.6663]
rad_0109,CC[CH]C(C)CC,[-1.0637 73.994 -59.0313 24.5946 2.9773 -1.6874 1.0097]
rad_0110,[CH2]CC(C)CCC,[-64.3742 44.675 -3.4505 0.4305 1.143 0.0793 -0.0109]
rad_0111,C[CH]CC(C)CC,[63.784 -59.9696 78.916 -1.6 0.9349 0.6446 0.6226]
rad_0113,[CH]1CCC1,[-65.2193 99.3264 -3.966 99.2927]
rad_0114,C[CH]C1CC1,[62.9734 -59.504 6.4323 -0.4192 0.1436]
rad_0115,CC[C]1CC1,[-1.4334 64.7256 0 54.0101 54.3737]
rad_0116,CCC1[CH]C1,[1.1481 -1.189 66.4443 -15.1231 58.8218]
rad_0117,[CH2]CC1CC1,[-63.1971 87.299 -1.5689 -0.288 0.3829]
rad_0118,[CH2]C(C)(C)C,[-61.7602 0 7.1759 0.2998 -0.2074]
rad_0119,C[C]1C(C)CC1C,[61.6652 0 91.8557 -1.6674 -2.8224 91.8986 -1.5867]
rad_0121,CC1[CH]C(C)C1C,[0.0569 80.3028 -61.6683 103.6553 -1.2341 -3.006 0.2559]
rad_0122,[CH2]C1CC(C)C1C,[-62.847 3.9285 -2.7518 0.1345 1.1252 -4.8003 1.5571]
rad_0123,[CH2]C1C(C)CC1C,[-62.5105 4.276 -4.4274 1.4131 -0.4391 -5.0983 1.6691]
rad_0124,C[CH]CC1CCC1,[63.8751 -61.926 82.1104 -1.5044 1.0071 -0.0497 0.5844]
rad_0125,CC[CH]C1CCC1,[-1.4794 81.0263 -57.6667 19.626 -2.1171 0.0208 -2.8022]
rad_0126,CCC[C]1CCC1,[0.4845 -2.1997 69.7798 0 91.0665 -3.6233 89.1384]
rad_0127,[CH2]CCC1CCC1,[-63.471 91.7124 -1.6494 0.7739 0.0347 -0.0252 0.2202]
rad_0128,CCCC1[CH]CC1,[2.5121 1.4813 -2.7482 105.6431 -60.6846 96.4309 -3.7525]
rad_0129,CCCC1C[CH]C1,[0.0365 0.1739 0.3449 -3.5597 97.5523 -63.7522 97.3449]
rad_0130,CC1[CH]CCC1C,[2.3079 61.1469 -64.6604 94.4524 -1.4805 -0.9104 0.11]
rad_0131,C[C]1CCCC1C,[59.6589 0 85.6679 -1.4196 -0.2626 58.8523 0.9635]
rad_0132,[CH2]C1CCCC1C,[-63.7057 4.8051 -3.5764 1.3347 1.7753 -2.8943 0.1844]
rad_0133,CC1C[CH]CC1C,[0.0321 -1.5244 92.6601 -65.2862 92.3735 -1.526 0.0426]
rad_0134,[CH2]C1CC(C)C1,[-62.9789 4.3511 -3.1497 0.0836 1.2414 -2.6765]
rad_0135,C[C]1CC(C)C1,[60.3817 0 89.9248 -2.5054 0.4344 89.7477]
rad_0136,CC1[CH]C(C)C1,[-0.9713 98.0405 -63.6905 97.7686 -0.958 -2.9722]
rad_0137,CCC[C]1CC1C,[0.2101 -1.3434 64.7292 0 55.9537 66.8871 1.9168]
rad_0138,CCCC1C[C]1C,[0.2968 0.4259 -0.6784 38.4154 55.6375 0 51.0208]
rad_0139,CC[CH]C1CC1C,[-1.3195 76.6992 -58.6446 7.6716 -0.401 -6.9732 4.0237]
rad_0140,CCCC1[CH]C1C,[0.6625 0.449 1.5859 74.5845 -17.7763 41.1198 -1.9502]
rad_0141,C[CH]CC1CC1C,[63.8925 -60.4707 79.963 -1.4692 0.35 0.0711 0.1804]
rad_0142,[CH2]C1CC1CCC,[-61.4815 2.3028 -0.23 -6.1464 0.6434 -0.2597 0.1934]
rad_0143,[CH2]CCC1CC1C,[-63.1832 88.2721 -1.7821 0.8067 -0.0215 0.1293 -0.002]
rad_0144,C[CH]C1(C)CC1C,[63.7462 -62.1673 0 -1.8025 -0.2792 2.9004 0.7071]
rad_0145,CCC1(C)[CH]C1C,[1.6432 -1.2437 0 -0.908 -14.238 47.1531 -2.121]
rad_0146,[CH2]CC1(C)CC1C,[-63.2022 90.2232 0 0.7046 -0.1671 0.1782 0.3121]
rad_0147,[CH2]C1(CC)CC1C,[-60.7321 0 -1.9942 0.5999 0.3696 -6.9099 3.9405]
rad_0148,CCC1(C)C[C]1C,[0.513 -0.9452 0 2.6647 56.6546 0 52.4515]
rad_0149,[CH2]C1CC1(C)CC,[-60.9674 9.2745 0.2391 0 4.5546 0.0335 0.6174]
rad_0150,CC[C]1CC1C,[-1.4386 67.1703 0 56.2891 69.0205 1.5411]
rad_0151,C[CH]C1CC1C,[62.5 -59.6827 7.1984 -0.4313 -6.9796 4.0266]
rad_0152,[CH2]CC1CC1C,[-62.9115 73.4263 -1.6326 0.3451 0.7953 -0.0291]
rad_0153,CCC1C[C]1C,[0.2187 -0.7255 38.4167 55.7068 0 50.9924]
rad_0154,CCC1[CH]C1C,[1.1616 -1.25 68.7294 -14.9071 40.6281 -1.8856]
rad_0155,[CH2]C1CC1CC,[-61.407 5.2058 0.2128 1.8129 0.0601 0.9596]
rad_0156,[CH2]C(C)C1CC1,[-61.0936 26.6193 0.3508 -2.2189 0.782 1.1807]
rad_0157,C[C](C)C1CC1,[57.2608 0 54.2221 2.5501 -1.965 -0.923]
rad_0158,CC(C)[C]1CC1,[-1.0155 24.326 1.5898 0 58.2988 59.1441]
rad_0159,CC(C)C1[CH]C1,[0.812 0.916 0.2734 47.2307 -14.6174 63.2224]
rad_0160,CCC1C[C](C)C1,[0.8031 0.1782 -3.9612 91.066 0 60.5971 91.1295]
rad_0161,[CH2]C1CC(CC)C1,[-62.9444 3.6519 -2.8049 0.0665 0.7204 0.0776 -3.0294]
rad_0162,CCC1[CH]C(C)C1,[0.5461 -0.4451 96.5251 -62.945 96.9611 -0.9452 -3.1113]
rad_0163,CC[C]1CC(C)C1,[-1.3561 69.9061 0 89.4814 -2.4769 0.4501 89.611]
rad_0165,[CH2]CC1CC(C)C1,[-64.5223 98.3561 -1.2105 0.5554 -0.0629 -0.0137 0.8018]
rad_0166,CCC1(C)[CH]C1,[0.288 7.1016 0 -0.8663 -13.6176 58.6895]
rad_0167,C[CH]C1(C)CC1,[64.1271 -59.7054 0 -1.9301 1.9086 -0.1747]
rad_0168,[CH2]CC1(C)CC1,[-63.2944 81.4117 0 0.612 0.405 -0.2654]
rad_0169,[CH2]C1(CC)CC1,[-61.7929 0 -2.7577 0.2358 0.9855 1.1327]
rad_0170,[CH]1CCCC1,[-65.2506 93.5434 -1.2641 -1.2922 93.7395]
rad_0171,[CH2]CC1(CC)CC1,[-62.9082 83.7416 0 1.0923 0.8578 -0.2243 0.4496]
rad_0172,C[CH]C1(CC)CC1,[64.1138 -59.6306 0 -2.1775 0.1649 -0.2357 2.6709]
rad_0173,CCC1(CC)[CH]C1,[0.3371 6.739 0 -1.4029 0.7548 -14.3759 61.5099]
rad_0174,C[C]1CCC1(C)C,[61.6384 0 90.825 -2.942 0 1.3437 0.1456]
rad_0175,[CH2]C1(C)CCC1C,[-61.4948 0 5.9184 0.0721 0.9694 -0.3196 0.6816]
rad_0176,[CH2]C1CCC1(C)C,[-61.4481 40.0335 -1.3507 0.6048 0 2.6882 0.6328]
rad_0177,CC1C[CH]C1(C)C,[0.2672 -2.934 96.7746 -62.0967 0 2.5276 0.6594]
rad_0178,CC1[CH]CC1(C)C,[-1.7234 108.2253 -60.2792 94.7548 0 0.1438 0.1419]
rad_0179,CCC1(C)[CH]CC1,[0.872 -2.0667 0 1.8877 -64.9 99.9586 -3.2455]
rad_0180,[CH2]C1(CC)CCC1,[-61.0834 0 -2.0482 1.1802 -1.8836 0.1412 -1.0636]
rad_0181,CCC1(C)C[CH]C1,[0.1364 0.2288 0 0.0982 98.9958 -64.8907 98.6297]
rad_0182,C[CH]C1(C)CCC1,[63.3385 -61.7262 0 2.5647 -1.3297 0.9439 0.817]
rad_0183,[CH2]CC1(C)CCC1,[-63.7497 38.9034 0 0.3955 0.2932 0.5956 0.6691]
rad_0184,C[CH]CC1CC1,[65.13 -59.4684 26.6223 -3.9398 0.9784 0.9904]
rad_0185,CC[CH]C1CC1,[-1.2018 74.5978 -58.4707 7.3842 0.0811 -0.3899]
rad_0186,[CH2]CCC1CC1,[-62.6929 32.3158 0.549 0.0492 1.7349 -0.1874]
rad_0187,CCC[C]1CC1,[0.2614 -1.2341 65.0266 0 54.3517 54.0037]
rad_0188,CCCC1[CH]C1,[0.3255 0.372 -1.1564 41.9622 -13.8099 60.3229]
rad_0189,CC(C)C1(C)[CH]C1,[0.6468 -3.7321 0.3762 0 5.0387 -13.7345 63.2445]
rad_0190,C[C](C)C1(C)CC1,[57.8871 0 58.1654 0 2.5803 -0.2347 -0.19]
rad_0191,[CH2]C1(C(C)C)CC1,[-61.0876 0 -1.9565 0.5971 0.0765 1.7743 0.4928]
rad_0192,[CH2]C(C)C1(C)CC1,[-64.4271 37.0503 0.7382 0 1.5606 -0.3926 0.2476]
rad_0193,CC1C[CH]CCC1,[0.2979 -2.4281 65.7076 -60.76 66.5731 -1.0463 1.3488]
rad_0194,CC1[CH]CCCC1,[-1.4817 104.0955 -60.4613 65.1736 -1.0443 1.5666 -0.6778]
rad_0195,CC1CC[CH]CC1,[0.0723 0.2519 -1.221 66.6392 -60.4197 66.6429 -1.2222]
rad_0196,C[C]1CCCCC1,[57.832 0 62.2524 -1.3546 1.1269 -1.3828 62.8125]
rad_0197,[CH2]C1CCCCC1,[-62.9477 54.123 -3.1058 0.928 0.0581 0.8649 -1.3972]
rad_0198,CC[C]1CC1(C)C,[-1.3825 67.2011 0 56.945 0 -0.8205 2.8023]
rad_0199,C[CH]C1CC1(C)C,[63.1902 -60.8744 12.7258 0.1276 0 0.5011 4.0201]
rad_0200,CCC1[CH]C1(C)C,[0.6655 -2.9549 48.35 -13.8067 0 -0.8655 4.3059]
rad_0201,[CH2]C1(C)CC1CC,[-61.2082 0 -2.2022 0.54 3.5554 0.0724 0.9775]
rad_0202,[CH2]CC1CC1(C)C,[-63.2084 85.8826 -1.5763 0.3672 0 0.737 0.1337]
rad_0203,CC[C]1CC1CC,[-1.423 64.9313 0 56.1437 38.3949 -0.7443 0.2281]
rad_0204,C[CH]C1CC1CC,[60.5988 -61.9041 3.8551 -0.9331 -5.7678 5.5796 0.0035]
rad_0205,[CH2]CC1CC1CC,[-63.4607 93.119 -1.4156 -0.0949 0.0756 0.2353 0.0451]
rad_0206,CCC1[CH]C1CC,[0.2286 4.5522 67.8289 -13.9288 40.1189 -2.8053 0.7334]
rad_0207,CC[C](C)C1CC1,[0.5574 24.8653 0 56.7967 15.9964 -0.2114 -3.5282]
rad_0208,CCC(C)[C]1CC1,[1.3401 -1.6787 25.577 1.4453 0 59.6605 59.5921]
rad_0209,CCC(C)C1[CH]C1,[0.0748 0.1217 2.5398 0.3504 72.6656 -15.534 58.0236]
rad_0210,[CH2]C(CC)C1CC1,[-62.9215 53.6977 -0.9378 0.6298 1.1745 -0.2617 1.0614]
rad_0211,C[CH]C(C)C1CC1,[64.3185 -60.9391 35.1856 2.6901 -0.7804 0.3191 -0.2875]
rad_0212,[CH2]CC(C)C1CC1,[-64.3368 45.3017 -3.5195 0.4986 1.9259 0.3542 1.1964]
rad_0213,C[C](C)C1CCC1,[56.873 0 56.9594 101.0802 -1.708 0.8147 -1.718]
rad_0214,[CH2]C(C)C1CCC1,[-64.0749 52.5423 -0.5081 1.8224 -0.0086 2.276 -0.117]
rad_0215,CC(C)[C]1CCC1,[-1.1918 105.152 -1.3323 0 90.3694 -3.5782 89.6168]
rad_0216,CC(C)C1[CH]CC1,[0.6814 -3.485 0.3342 98.0312 -64.1131 98.8238 -3.7517]
rad_0217,CC(C)C1C[CH]C1,[0.0426 0.3972 0.0413 -3.6116 96.7384 -63.6137 96.7323]
rad_0218,CC[C]1CCCC1,[-0.6548 44.6016 0 84.8907 -0.9829 -1.2729 90.4199]
rad_0219,CCC1[CH]CCC1,[0.4613 0.4452 109.5136 -64.5526 94.2308 -1.1252 -1.1898]
rad_0220,CCC1C[CH]CC1,[0.027 0.0698 -1.5397 93.023 -65.3152 93.3014 -1.3117]
rad_0221,C[CH]C1CCCC1,[65.1891 -59.9099 18.1799 -2.0327 0.6182 1.8792 -3.7243]
rad_0222,[CH2]CC1CCCC1,[-62.9223 87.1054 -1.7668 0.6018 0.1977 0.0638 1.7077]
rad_0223,CC1C[CH]CC1,[0.3725 -1.706 93.2074 -65.0702 94.5163 -1.4463]
rad_0224,CC1[CH]CCC1,[1.7937 64.6006 -64.7536 93.4992 -1.3948 -0.5861]
rad_0225,C[C]1CCCC1,[59.4519 0 85.5291 -1.2234 -1.1585 88.6865]
rad_0226,[CH2]C1CCCC1,[-61.7572 130.6873 -1.218 0.4071 1.1071 -2.0654]
rad_0227,CC1[CH]CC(C)C1,[1.6319 66.8152 -64.9778 92.0397 -1.6429 0.1309 -0.6592]
rad_0228,C[C]1CCC(C)C1,[59.5631 0 85.99 -1.3038 -1.5319 -0.0166 86.9252]
rad_0229,CC1[CH]C(C)CC1,[1.9046 66.0307 -64.1736 112.6888 -0.1107 -1.248 -0.4498]
rad_0230,[CH2]C1CCC(C)C1,[-62.1612 20.0106 -4.3256 2.0674 0.2488 0.0716 -1.6211]
rad_0231,[CH2]C1C(C)C1C,[-61.2533 2.266 -5.6145 3.935 -6.1276 4.1544]
rad_0232,C[C]1C(C)C1C,[51.5072 0 44.053 -1.7654 43.6512 -1.7527]
rad_0233,CC[CH]C1(C)CC1,[-1.0823 74.843 -61.4075 0 -2.3777 -0.0857 -1.8715]
rad_0234,CCCC1(C)[CH]C1,[0.2635 0.347 -0.7926 0 -0.8997 -12.5568 58.8896]
rad_0235,[CH2]C1(CCC)CC1,[-60.9904 0 -1.8993 0.9958 0.3368 0.8789 0.5699]
rad_0236,C[CH]CC1(C)CC1,[67.5844 -64.2783 33.4727 0 0.7536 -0.1919 -0.1592]
rad_0237,[CH2]CCC1(C)CC1,[-62.7186 30.4385 -3.8716 0 0.3534 0.422 0.3528]
rad_0238,CC1(C)[CH]C1(C)C,[4.2897 0 -1.1182 -15.1301 0 -1.1046 4.2477]
rad_0239,[CH2]C1(C)CC1(C)C,[-61.3988 0 -2.2968 0.148 0 0.345 4.6922]
rad_0240,[CH]1CCCCCC1,[-64.4458 92.5343 -0.5355 0.1395 0.6217 1.6065 37.1429]
rad_0241,[CH2]C1(C)C(C)C1C,[-61.3025 0 -2.6296 -6.0308 3.6838 -5.6929 3.4492]
rad_0242,C[C]1C(C)C1(C)C,[52.7914 0 45.3581 -1.9311 0 2.1 -0.9254]
rad_0243,[CH2]C1C(C)C1(C)C,[-60.6653 3.3937 2.9799 1.0468 0 4.2828 0.7607]
rad_0244,[CH]1CCCCC1,[-60.6776 66.4845 -1.1888 1.4646 -1.1401 66.3326]
rad_0245,CCC1[C](C)C1C,[0.7016 -2.4755 39.8964 0 52.6346 70.4453 1.6066]
rad_0246,[CH2]C1C(C)C1CC,[-61.2063 4.3958 -5.1961 3.5157 1.6869 -0.0063 1.0394]
rad_0247,CC[C]1C(C)C1C,[-1.3904 67.37 0 44.5511 -1.7396 42.8406 -1.6891]
rad_0248,C[CH]C1C(C)C1C,[62.6383 -59.5622 4.9859 -6.8729 4.3298 -3.5293 2.6998]
rad_0249,[CH2]CC1C(C)C1C,[-63.1772 84.4343 -1.685 -0.1047 0.3138 0.8074 -0.0669]
rad_0250,CC1[CH]C(C)(C)C1,[-0.8786 96.9895 -63.2144 0 1.2034 2.1907 -2.8052]
rad_0251,C[C]1CC(C)(C)C1,[60.8951 0 90.4074 0 0.2378 0.183 90.7796]
rad_0252,[CH2]C1(C)CC(C)C1,[-61.8722 0 5.2252 -0.6944 2.6844 0.1639 -0.7914]
rad_0253,[CH2]C1CC(C)(C)C1,[-63.0369 4.4746 -2.7489 0 0.6101 1.0471 -2.3399]
rad_0254,[CH2]C(C)(C)C1CC1,[-63.1728 0 6.3483 1.3229 -1.2959 0.7494 0.2041]
rad_0255,CC(C)(C)[C]1CC1,[3.147 0 -0.712 -0.7283 0 59.2799 59.376]
rad_0256,CC(C)(C)C1[CH]C1,[1.3744 0 0.045 0.2143 71.9307 -17.13 58.7111]
rad_0257,CCC[CH]C1CC1,[0.5051 -3.62 26.4125 -58.5433 8.4183 -0.239 -0.1196]
rad_0258,CCCC[C]1CC1,[0.0227 0.3063 -1.2902 64.4573 0 54.4198 54.303]
rad_0259,CC[CH]CC1CC1,[-1.5356 81.1056 -59.3692 80.0813 -1.438 -0.1062 0.3362]
rad_0260,CCCCC1[CH]C1,[0.0102 0.0722 0.0252 -2.6008 42.6623 -13.6874 60.6863]
rad_0261,C[CH]CCC1CC1,[63.4376 -61.8114 83.4004 -1.6182 0.9731 0.1763 -0.0315]
rad_0262,[CH2]CCCC1CC1,[-62.5432 29.8018 -3.8388 -0.6841 0.0977 0.0461 0.0096]
rad_0263,C[C](C)CC1CC1,[56.4035 0 59.0313 75.4734 -0.9243 0.8965 0.13]
rad_0264,CC(C)[CH]C1CC1,[-0.9726 106.8694 -1.37 -57.9724 10.032 -0.0741 -0.2288]
rad_0265,CC(C)C[C]1CC1,[-0.0245 -0.9611 0.8924 64.4514 0 53.8168 54.5596]
rad_0266,[CH2]C(C)CC1CC1,[-62.9453 15.0531 4.5795 -0.623 -0.093 0.2039 0.9601]
rad_0267,CC(C)CC1[CH]C1,[0.0112 0.128 -0.0043 4.2732 66.0797 -13.6301 57.8255]
